{"0.1": -273323851.5825753, "0.12758620689655173": -271806599.27583325, "0.15517241379310345": -270741858.38835317, "0.1827586206896552": -270001167.758855, "0.21034482758620693": -269509546.0589708, "0.23793103448275865": -269219478.3197111, "0.2655172413793104": -269099134.20882773, "0.2931034482758621": -269126374.8080206, "0.3206896551724138": -269285435.0811992, "0.34827586206896555": -269564967.60920393, "0.3758620689655173": -269956832.9035611, "0.403448275862069": -270455325.4520395, "0.4310344827586208": -271056668.41706294, "0.45862068965517244": -271758682.58693653, "0.4862068965517242": -272560575.0301751, "0.5137931034482759": -273462814.5565486, "0.5413793103448277": -274467075.82867503, "0.5689655172413793": -275576242.50254554, "0.5965517241379311": -276794466.66601324, "0.6241379310344828": -278127288.09474933, "0.6517241379310346": -279581823.2515361, "0.6793103448275862": -281167042.3079418, "0.706896551724138": -282894163.83501536, "0.7344827586206897": -284777215.29408365, "0.7620689655172415": -286833837.75105596, "0.7896551724137931": -289086465.79172397, "0.8172413793103449": -291564111.6118991, "0.8448275862068966": -294305175.8044054, "0.8724137931034484": -297362121.5006505, "0.9": -300809830.7378726}