{"0.1": -307196168.16638845, "0.12758620689655173": -304989210.1016363, "0.15517241379310345": -303368545.7504194, "0.1827586206896552": -302163432.47031033, "0.21034482758620693": -301274345.55386454, "0.23793103448275865": -300638221.4222855, "0.2655172413793104": -300212745.1564265, "0.2931034482758621": -299968370.15064055, "0.3206896551724138": -299883905.97972614, "0.34827586206896555": -299943917.61886257, "0.3758620689655173": -300137116.03888357, "0.403448275862069": -300455325.4937414, "0.4310344827586208": -300892804.88424647, "0.45862068965517244": -301445797.30598646, "0.4862068965517242": -302112234.3176376, "0.5137931034482759": -302891551.12982345, "0.5413793103448277": -303784586.8020692, "0.5689655172413793": -304793555.56122214, "0.5965517241379311": -305922083.29406285, "0.6241379310344828": -307175310.7987424, "0.6517241379310346": -308560072.58608377, "0.6793103448275862": -310085168.75382423, "0.706896551724138": -311761759.60350066, "0.7344827586206897": -313603931.4396299, "0.7620689655172415": -315629513.17004865, "0.7896551724137931": -317861276.80078906, "0.8172413793103449": -320328754.6617787, "0.8448275862068966": -323071102.94689554, "0.8724137931034484": -326141861.37460965, "0.9": -329617455.0820468}