{"0.1": -33872316.592411555, "0.12758620689655173": -33182610.82344924, "0.15517241379310345": -32626687.354561016, "0.1827586206896552": -32162264.708059862, "0.21034482758620693": -31764799.488832314, "0.23793103448275865": -31418743.11009092, "0.2655172413793104": -31113610.941427186, "0.2931034482758621": -30841995.337063935, "0.3206896551724138": -30598470.89039663, "0.34827586206896555": -30378950.005041424, "0.3758620689655173": -30180283.128776688, "0.403448275862069": -30000000.035061784, "0.4310344827586208": -29836136.477713205, "0.45862068965517244": -29687114.718307357, "0.4862068965517242": -29551659.28999684, "0.5137931034482759": -29428736.571630765, "0.5413793103448277": -29317510.970576387, "0.5689655172413793": -29217313.057647683, "0.5965517241379311": -29127616.625041842, "0.6241379310344828": -29048022.70363596, "0.6517241379310346": -28978249.331207898, "0.6793103448275862": -28918126.443678297, "0.706896551724138": -28867595.766559225, "0.7344827586206897": -28826716.14426291, "0.7620689655172415": -28795675.418154832, "0.7896551724137931": -28774811.005606793, "0.8172413793103449": -28764643.050197255, "0.8448275862068966": -28765927.13944302, "0.8724137931034484": -28779739.873282768, "0.9": -28807624.339935645}